<?xml version="1.0" encoding="UTF-8"?>
<project-private xmlns="http://www.netbeans.org/ns/project-private/1">
    <editor-bookmarks xmlns="http://www.netbeans.org/ns/editor-bookmarks/2" lastBookmarkId="0"/>
    <open-files xmlns="http://www.netbeans.org/ns/projectui-open-files/2">
        <group>
            <file>file:/E:/SE2/assignment/MyChatApp/src/mychatapp/networking/WritableGUI.java</file>
            <file>file:/E:/SE2/assignment/MyChatApp/src/mychatapp/networking/CircuitBreaker.java</file>
            <file>file:/E:/SE2/assignment/MyChatApp/src/mychatapp/networking/QueueModel.java</file>
            <file>file:/E:/SE2/assignment/MyChatApp/src/mychatapp/MyChatApp.java</file>
            <file>file:/E:/SE2/assignment/MyChatApp/src/mychatapp/gui/MainScreen.java</file>
            <file>file:/E:/SE2/assignment/MyChatApp/src/mychatapp/networking/MessageTransmitter.java</file>
            <file>file:/E:/SE2/assignment/MyChatApp/src/mychatapp/networking/MessageListner.java</file>
            <file>file:/E:/SE2/assignment/MyChatApp/src/mychatapp/networking/DataStore.java</file>
        </group>
    </open-files>
</project-private>
